INSERT INTO TBL_AGENCI (AGENT_ID,PLEC_ID, IMIE,NAZWISKO,DATA_URODZENIA,EMAIL,LOGIN) VALUES (TBL_AGENCI_AGENT_ID_SEQ.NEXTVAL,2, 'Zbigniew','Chlabicz','1983-8-26','"Zbigniew.Chlabicz@servicedesk.com"','Zbig_Chla' );
INSERT INTO TBL_AGENCI (AGENT_ID,PLEC_ID, IMIE,NAZWISKO,DATA_URODZENIA,EMAIL,LOGIN) VALUES (TBL_AGENCI_AGENT_ID_SEQ.NEXTVAL,2, 'Robert','Stonoga','1987-7-25','Robert.Stonoga@servicedesk.com','Robe_Ston' );
INSERT INTO TBL_AGENCI (AGENT_ID,PLEC_ID, IMIE,NAZWISKO,DATA_URODZENIA,EMAIL,LOGIN) VALUES (TBL_AGENCI_AGENT_ID_SEQ.NEXTVAL,1, 'Joanna','Pęk','1992-5-26','Joanna.Pek@servicedesk.com','Joan_Pek' );
INSERT INTO TBL_AGENCI (AGENT_ID,PLEC_ID, IMIE,NAZWISKO,DATA_URODZENIA,EMAIL,LOGIN) VALUES (TBL_AGENCI_AGENT_ID_SEQ.NEXTVAL,2, 'Stanisław','Kłak','1989-9-28','Stanislaw.Klak@servicedesk.com','Stan_Klak' );
INSERT INTO TBL_AGENCI (AGENT_ID,PLEC_ID, IMIE,NAZWISKO,DATA_URODZENIA,EMAIL,LOGIN) VALUES (TBL_AGENCI_AGENT_ID_SEQ.NEXTVAL,1, 'Anna','Ptaszyńska','1992-3-12','Anna.Ptaszynska@servicedesk.com','Anna_Ptas' );
INSERT INTO TBL_AGENCI (AGENT_ID,PLEC_ID, IMIE,NAZWISKO,DATA_URODZENIA,EMAIL,LOGIN) VALUES (TBL_AGENCI_AGENT_ID_SEQ.NEXTVAL,2, 'Robert','Kowalski','1986-5-16','Robert.Kowalski@servicedesk.com','Robe_Kowa' );
INSERT INTO TBL_AGENCI (AGENT_ID,PLEC_ID, IMIE,NAZWISKO,DATA_URODZENIA,EMAIL,LOGIN) VALUES (TBL_AGENCI_AGENT_ID_SEQ.NEXTVAL,1, 'Henryka','Kloc','1985-9-12','Henryka.Kloc@servicedesk.com','Henr_Kloc' );
INSERT INTO TBL_AGENCI (AGENT_ID,PLEC_ID, IMIE,NAZWISKO,DATA_URODZENIA,EMAIL,LOGIN) VALUES (TBL_AGENCI_AGENT_ID_SEQ.NEXTVAL,2, 'Kumar','Bharat Sagnimar','1983-2-18','Kumar.Bharat Sagnimar@servicedesk.com','Kuma_Bhar' );
INSERT INTO TBL_AGENCI (AGENT_ID,PLEC_ID, IMIE,NAZWISKO,DATA_URODZENIA,EMAIL,LOGIN) VALUES (TBL_AGENCI_AGENT_ID_SEQ.NEXTVAL,1, 'Katarzyna','Lober','1980-9-28','Katarzyna.Lober@servicedesk.com','Kata_Lobe' );
INSERT INTO TBL_AGENCI (AGENT_ID,PLEC_ID, IMIE,NAZWISKO,DATA_URODZENIA,EMAIL,LOGIN) VALUES (TBL_AGENCI_AGENT_ID_SEQ.NEXTVAL,2, 'Roman','Nowak','1998-10-18','Roman.Nowak@servicedesk.com','Roma_Nowa' );
INSERT INTO TBL_AGENCI (AGENT_ID,PLEC_ID, IMIE,NAZWISKO,DATA_URODZENIA,EMAIL,LOGIN) VALUES (TBL_AGENCI_AGENT_ID_SEQ.NEXTVAL,2, 'Jan','Rafalewski','1995-9-21','Jan.Rafalewski@servicedesk.com','Jan_Rafa' );
INSERT INTO TBL_AGENCI (AGENT_ID,PLEC_ID, IMIE,NAZWISKO,DATA_URODZENIA,EMAIL,LOGIN) VALUES (TBL_AGENCI_AGENT_ID_SEQ.NEXTVAL,2, 'Adam','Rymański','1997-8-1','Adam.Rymanski@servicedesk.com','Adam_Ryma' );
INSERT INTO TBL_AGENCI (AGENT_ID,PLEC_ID, IMIE,NAZWISKO,DATA_URODZENIA,EMAIL,LOGIN) VALUES (TBL_AGENCI_AGENT_ID_SEQ.NEXTVAL,2, 'Mateusz','Rybicki','1991-2-1','Mateusz.Rybicki@servicedesk.com','Mate_Rybi' );
INSERT INTO TBL_AGENCI (AGENT_ID,PLEC_ID, IMIE,NAZWISKO,DATA_URODZENIA,EMAIL,LOGIN) VALUES (TBL_AGENCI_AGENT_ID_SEQ.NEXTVAL,1, 'Robertyna','Llas','1980-2-20','Robertyna.Llas@servicedesk.com','Robe_Llas' );
INSERT INTO TBL_AGENCI (AGENT_ID,PLEC_ID, IMIE,NAZWISKO,DATA_URODZENIA,EMAIL,LOGIN) VALUES (TBL_AGENCI_AGENT_ID_SEQ.NEXTVAL,2, 'Michał','Kaszkowski','1986-12-3','Michal.Kaszkowski@servicedesk.com','Mich_Kasz' );
INSERT INTO TBL_AGENCI (AGENT_ID,PLEC_ID, IMIE,NAZWISKO,DATA_URODZENIA,EMAIL,LOGIN) VALUES (TBL_AGENCI_AGENT_ID_SEQ.NEXTVAL,1, 'Hanna','Głódź','1980-11-20','Hanna.Glodz@servicedesk.com','Hann_Glod' );
INSERT INTO TBL_AGENCI (AGENT_ID,PLEC_ID, IMIE,NAZWISKO,DATA_URODZENIA,EMAIL,LOGIN) VALUES (TBL_AGENCI_AGENT_ID_SEQ.NEXTVAL,2, 'Remigiusz','Chojnicz','1991-7-12','Remigiusz.Chojnicz@servicedesk.com','Remi_Choj' );
INSERT INTO TBL_AGENCI (AGENT_ID,PLEC_ID, IMIE,NAZWISKO,DATA_URODZENIA,EMAIL,LOGIN) VALUES (TBL_AGENCI_AGENT_ID_SEQ.NEXTVAL,1, 'Marta','Kokoszka','1983-12-13','Marta.Kokoszka@servicedesk.com','Mart_Koko' );
INSERT INTO TBL_AGENCI (AGENT_ID,PLEC_ID, IMIE,NAZWISKO,DATA_URODZENIA,EMAIL,LOGIN) VALUES (TBL_AGENCI_AGENT_ID_SEQ.NEXTVAL,1, 'Stefania','Plis','1980-6-8','Stefania.Plis@servicedesk.com','Stef_Plis' );
INSERT INTO TBL_AGENCI (AGENT_ID,PLEC_ID, IMIE,NAZWISKO,DATA_URODZENIA,EMAIL,LOGIN) VALUES (TBL_AGENCI_AGENT_ID_SEQ.NEXTVAL,1, 'Hermenegilda','Roshendall','1988-7-23','Hermenegilda.Roshendall@servicedesk.com','Herm_Rosh' );
INSERT INTO TBL_AGENCI (AGENT_ID,PLEC_ID, IMIE,NAZWISKO,DATA_URODZENIA,EMAIL,LOGIN) VALUES (TBL_AGENCI_AGENT_ID_SEQ.NEXTVAL,2, 'Kacper','Klon','1997-4-8','Kacper.Klon@servicedesk.com','Kacp_Klon' );
INSERT INTO TBL_AGENCI (AGENT_ID,PLEC_ID, IMIE,NAZWISKO,DATA_URODZENIA,EMAIL,LOGIN) VALUES (TBL_AGENCI_AGENT_ID_SEQ.NEXTVAL,1, 'Ewa','Nowak','1993-4-1','Ewa.Nowak@servicedesk.com','Ewa_Nowa' );
INSERT INTO TBL_AGENCI (AGENT_ID,PLEC_ID, IMIE,NAZWISKO,DATA_URODZENIA,EMAIL,LOGIN) VALUES (TBL_AGENCI_AGENT_ID_SEQ.NEXTVAL,2, 'Rubens','Staff','1991-9-3','Rubens.Staff@servicedesk.com','Rube_Staf' );
INSERT INTO TBL_AGENCI (AGENT_ID,PLEC_ID, IMIE,NAZWISKO,DATA_URODZENIA,EMAIL,LOGIN) VALUES (TBL_AGENCI_AGENT_ID_SEQ.NEXTVAL,2, 'Antonina','Messerburg','1986-2-22','Antonina.Messerburg@servicedesk.com','Anto_Mess' );
INSERT INTO TBL_AGENCI (AGENT_ID,PLEC_ID, IMIE,NAZWISKO,DATA_URODZENIA,EMAIL,LOGIN) VALUES (TBL_AGENCI_AGENT_ID_SEQ.NEXTVAL,2, 'Miłosz','Świstak','1986-11-26','Milosz.Swistak@servicedesk.com','Milo_Swis' );
INSERT INTO TBL_AGENCI (AGENT_ID,PLEC_ID, IMIE,NAZWISKO,DATA_URODZENIA,EMAIL,LOGIN) VALUES (TBL_AGENCI_AGENT_ID_SEQ.NEXTVAL,1, 'Anna','Olczak','1996-1-24','Anna.Olczak@servicedesk.com','Anna_Olcz' );
INSERT INTO TBL_AGENCI (AGENT_ID,PLEC_ID, IMIE,NAZWISKO,DATA_URODZENIA,EMAIL,LOGIN) VALUES (TBL_AGENCI_AGENT_ID_SEQ.NEXTVAL,2, 'Piotr','Nosacz','1993-6-17','Piotr.Nosacz@servicedesk.com','Piot_Nosa' );
INSERT INTO TBL_AGENCI (AGENT_ID,PLEC_ID, IMIE,NAZWISKO,DATA_URODZENIA,EMAIL,LOGIN) VALUES (TBL_AGENCI_AGENT_ID_SEQ.NEXTVAL,1, 'Dżesika','Buncholc','1987-4-28','Dzesika.Buncholc@servicedesk.com','Dzes_Bunc' );
INSERT INTO TBL_AGENCI (AGENT_ID,PLEC_ID, IMIE,NAZWISKO,DATA_URODZENIA,EMAIL,LOGIN) VALUES (TBL_AGENCI_AGENT_ID_SEQ.NEXTVAL,2, 'Wolfram','Krysiewicz','1983-10-3','Wolfram.Krysiewicz@servicedesk.com','Wolf_Krys' );


insert into tbl_plec (plec_id , nazwa_plci) values (1, 'K');
insert into tbl_plec (plec_id , nazwa_plci) values (2, 'M');

INSERT INTO TBL_ABSENCJE (ABSENCJA_ID, ABSENCJA) VALUES (TBL_ABSENCJE_ABSENCJA_ID_SEQ.NEXTVAL , 'Dzień Wolny');
INSERT INTO TBL_ABSENCJE (ABSENCJA_ID, ABSENCJA) VALUES (TBL_ABSENCJE_ABSENCJA_ID_SEQ.NEXTVAL , 'Urlop Wypoczynkowy');
INSERT INTO TBL_ABSENCJE (ABSENCJA_ID, ABSENCJA) VALUES (TBL_ABSENCJE_ABSENCJA_ID_SEQ.NEXTVAL , 'Urlop Na Żądanie');
INSERT INTO TBL_ABSENCJE (ABSENCJA_ID, ABSENCJA) VALUES (TBL_ABSENCJE_ABSENCJA_ID_SEQ.NEXTVAL , 'Urlop Okoliczościowy');
INSERT INTO TBL_ABSENCJE (ABSENCJA_ID, ABSENCJA) VALUES (TBL_ABSENCJE_ABSENCJA_ID_SEQ.NEXTVAL , 'Zwolnienie Lekarskie');





